,country,iso_code,date,total_vaccinations,people_vaccinated,people_fully_vaccinated,daily_vaccinations_raw,daily_vaccinations,total_vaccinations_per_hundred,people_vaccinated_per_hundred,people_fully_vaccinated_per_hundred,daily_vaccinations_per_million,vaccines,source_name,source_website
20409,India,IND,2021-01-15,0.0,0.0,,,,0.0,0.0,,,"Covaxin, Oxford/AstraZeneca, Sputnik V",Government of India,https://dashboard.cowin.gov.in/
20410,India,IND,2021-01-16,191181.0,191181.0,,191181.0,191181.0,0.01,0.01,,137.0,"Covaxin, Oxford/AstraZeneca, Sputnik V",Government of India,https://dashboard.cowin.gov.in/
20411,India,IND,2021-01-17,224301.0,224301.0,,33120.0,112150.0,0.02,0.02,,80.0,"Covaxin, Oxford/AstraZeneca, Sputnik V",Government of India,https://dashboard.cowin.gov.in/
20412,India,IND,2021-01-18,454049.0,454049.0,,229748.0,151350.0,0.03,0.03,,109.0,"Covaxin, Oxford/AstraZeneca, Sputnik V",Government of India,https://dashboard.cowin.gov.in/
20413,India,IND,2021-01-19,674835.0,674835.0,,220786.0,168709.0,0.05,0.05,,121.0,"Covaxin, Oxford/AstraZeneca, Sputnik V",Government of India,https://dashboard.cowin.gov.in/
20414,India,IND,2021-01-20,806484.0,806484.0,,131649.0,161297.0,0.06,0.06,,116.0,"Covaxin, Oxford/AstraZeneca, Sputnik V",Government of India,https://dashboard.cowin.gov.in/
20415,India,IND,2021-01-21,1043534.0,1043534.0,,237050.0,173922.0,0.07,0.07,,125.0,"Covaxin, Oxford/AstraZeneca, Sputnik V",Government of India,https://dashboard.cowin.gov.in/
20416,India,IND,2021-01-22,1390592.0,1390592.0,,347058.0,198656.0,0.1,0.1,,143.0,"Covaxin, Oxford/AstraZeneca, Sputnik V",Government of India,https://dashboard.cowin.gov.in/
20417,India,IND,2021-01-23,1582201.0,1582201.0,,191609.0,198717.0,0.11,0.11,,143.0,"Covaxin, Oxford/AstraZeneca, Sputnik V",Government of India,https://dashboard.cowin.gov.in/
20418,India,IND,2021-01-24,1615504.0,1615504.0,,33303.0,198743.0,0.12,0.12,,143.0,"Covaxin, Oxford/AstraZeneca, Sputnik V",Government of India,https://dashboard.cowin.gov.in/
20419,India,IND,2021-01-25,2023809.0,2023809.0,,408305.0,224251.0,0.15,0.15,,161.0,"Covaxin, Oxford/AstraZeneca, Sputnik V",Government of India,https://dashboard.cowin.gov.in/
20420,India,IND,2021-01-26,2029480.0,2029480.0,,5671.0,193521.0,0.15,0.15,,139.0,"Covaxin, Oxford/AstraZeneca, Sputnik V",Government of India,https://dashboard.cowin.gov.in/
20421,India,IND,2021-01-27,2355979.0,2355979.0,,326499.0,221356.0,0.17,0.17,,159.0,"Covaxin, Oxford/AstraZeneca, Sputnik V",Government of India,https://dashboard.cowin.gov.in/
20422,India,IND,2021-01-28,2928053.0,2928053.0,,572074.0,269217.0,0.21,0.21,,193.0,"Covaxin, Oxford/AstraZeneca, Sputnik V",Government of India,https://dashboard.cowin.gov.in/
20423,India,IND,2021-01-29,3500027.0,3500027.0,,571974.0,301348.0,0.25,0.25,,216.0,"Covaxin, Oxford/AstraZeneca, Sputnik V",Government of India,https://dashboard.cowin.gov.in/
20424,India,IND,2021-01-30,3744334.0,3744334.0,,244307.0,308876.0,0.27,0.27,,222.0,"Covaxin, Oxford/AstraZeneca, Sputnik V",Government of India,https://dashboard.cowin.gov.in/
20425,India,IND,2021-01-31,3758843.0,3758843.0,,14509.0,306191.0,0.27,0.27,,220.0,"Covaxin, Oxford/AstraZeneca, Sputnik V",Government of India,https://dashboard.cowin.gov.in/
20426,India,IND,2021-02-01,3950156.0,3950156.0,,191313.0,275192.0,0.28,0.28,,197.0,"Covaxin, Oxford/AstraZeneca, Sputnik V",Government of India,https://dashboard.cowin.gov.in/
20427,India,IND,2021-02-02,4138918.0,4138918.0,,188762.0,301348.0,0.3,0.3,,216.0,"Covaxin, Oxford/AstraZeneca, Sputnik V",Government of India,https://dashboard.cowin.gov.in/
20428,India,IND,2021-02-03,4449552.0,4449552.0,,310634.0,299082.0,0.32,0.32,,215.0,"Covaxin, Oxford/AstraZeneca, Sputnik V",Government of India,https://dashboard.cowin.gov.in/
20429,India,IND,2021-02-04,4959445.0,4959445.0,,509893.0,290199.0,0.36,0.36,,208.0,"Covaxin, Oxford/AstraZeneca, Sputnik V",Government of India,https://dashboard.cowin.gov.in/
20430,India,IND,2021-02-05,5416849.0,5416849.0,,457404.0,273832.0,0.39,0.39,,197.0,"Covaxin, Oxford/AstraZeneca, Sputnik V",Government of India,https://dashboard.cowin.gov.in/
20431,India,IND,2021-02-06,5775322.0,5775322.0,,358473.0,290141.0,0.41,0.41,,208.0,"Covaxin, Oxford/AstraZeneca, Sputnik V",Government of India,https://dashboard.cowin.gov.in/
20432,India,IND,2021-02-07,5812362.0,5812362.0,,37040.0,293360.0,0.42,0.42,,211.0,"Covaxin, Oxford/AstraZeneca, Sputnik V",Government of India,https://dashboard.cowin.gov.in/
20433,India,IND,2021-02-08,6259008.0,6259008.0,,446646.0,329836.0,0.45,0.45,,237.0,"Covaxin, Oxford/AstraZeneca, Sputnik V",Government of India,https://dashboard.cowin.gov.in/
20434,India,IND,2021-02-09,6611561.0,6611561.0,,352553.0,353235.0,0.47,0.47,,254.0,"Covaxin, Oxford/AstraZeneca, Sputnik V",Government of India,https://dashboard.cowin.gov.in/
20435,India,IND,2021-02-10,7017114.0,7017114.0,,405553.0,366795.0,0.5,0.5,,263.0,"Covaxin, Oxford/AstraZeneca, Sputnik V",Government of India,https://dashboard.cowin.gov.in/
20436,India,IND,2021-02-11,7505010.0,7505010.0,,487896.0,363652.0,0.54,0.54,,261.0,"Covaxin, Oxford/AstraZeneca, Sputnik V",Government of India,https://dashboard.cowin.gov.in/
20437,India,IND,2021-02-12,7967647.0,7967647.0,,462637.0,364400.0,0.57,0.57,,262.0,"Covaxin, Oxford/AstraZeneca, Sputnik V",Government of India,https://dashboard.cowin.gov.in/
20438,India,IND,2021-02-13,8052454.0,8044786.0,7668.0,84807.0,325305.0,0.58,0.58,0.0,233.0,"Covaxin, Oxford/AstraZeneca, Sputnik V",Government of India,https://dashboard.cowin.gov.in/
20439,India,IND,2021-02-14,,,,,353179.0,,,,253.0,"Covaxin, Oxford/AstraZeneca, Sputnik V",Government of India,https://dashboard.cowin.gov.in/
20440,India,IND,2021-02-15,8516771.0,8418653.0,98118.0,,322538.0,0.61,0.6,0.01,231.0,"Covaxin, Oxford/AstraZeneca, Sputnik V",Government of India,https://dashboard.cowin.gov.in/
20441,India,IND,2021-02-16,8857341.0,8641002.0,216339.0,340570.0,320826.0,0.64,0.62,0.02,230.0,"Covaxin, Oxford/AstraZeneca, Sputnik V",Government of India,https://dashboard.cowin.gov.in/
20442,India,IND,2021-02-17,9186757.0,8844641.0,342116.0,329416.0,309949.0,0.66,0.63,0.02,222.0,"Covaxin, Oxford/AstraZeneca, Sputnik V",Government of India,https://dashboard.cowin.gov.in/
20443,India,IND,2021-02-18,9846523.0,9381591.0,464932.0,659766.0,334502.0,0.71,0.67,0.03,240.0,"Covaxin, Oxford/AstraZeneca, Sputnik V",Government of India,https://dashboard.cowin.gov.in/
20444,India,IND,2021-02-19,10449942.0,9693000.0,756942.0,603419.0,354614.0,0.75,0.7,0.05,254.0,"Covaxin, Oxford/AstraZeneca, Sputnik V",Government of India,https://dashboard.cowin.gov.in/
20445,India,IND,2021-02-20,10838323.0,9964383.0,873940.0,388381.0,397981.0,0.78,0.72,0.06,286.0,"Covaxin, Oxford/AstraZeneca, Sputnik V",Government of India,https://dashboard.cowin.gov.in/
20446,India,IND,2021-02-21,11085173.0,10124531.0,960642.0,246850.0,400080.0,0.8,0.73,0.07,287.0,"Covaxin, Oxford/AstraZeneca, Sputnik V",Government of India,https://dashboard.cowin.gov.in/
20447,India,IND,2021-02-22,11424094.0,10308552.0,1115542.0,338921.0,415332.0,0.82,0.74,0.08,298.0,"Covaxin, Oxford/AstraZeneca, Sputnik V",Government of India,https://dashboard.cowin.gov.in/
20448,India,IND,2021-02-23,11907392.0,10585757.0,1321635.0,483298.0,435722.0,0.85,0.76,0.09,313.0,"Covaxin, Oxford/AstraZeneca, Sputnik V",Government of India,https://dashboard.cowin.gov.in/
20449,India,IND,2021-02-24,12366633.0,10884879.0,1481754.0,459241.0,454268.0,0.89,0.78,0.11,326.0,"Covaxin, Oxford/AstraZeneca, Sputnik V",Government of India,https://dashboard.cowin.gov.in/
20450,India,IND,2021-02-25,13067047.0,11206188.0,1860859.0,700414.0,460075.0,0.94,0.8,0.13,330.0,"Covaxin, Oxford/AstraZeneca, Sputnik V",Government of India,https://dashboard.cowin.gov.in/
20451,India,IND,2021-02-26,13756940.0,11552857.0,2204083.0,689893.0,472428.0,0.99,0.83,0.16,339.0,"Covaxin, Oxford/AstraZeneca, Sputnik V",Government of India,https://dashboard.cowin.gov.in/
20452,India,IND,2021-02-27,14242547.0,11788669.0,2453878.0,485607.0,486318.0,1.02,0.85,0.18,349.0,"Covaxin, Oxford/AstraZeneca, Sputnik V",Government of India,https://dashboard.cowin.gov.in/
20453,India,IND,2021-02-28,14301266.0,11845075.0,2456191.0,58719.0,459442.0,1.03,0.85,0.18,330.0,"Covaxin, Oxford/AstraZeneca, Sputnik V",Government of India,https://dashboard.cowin.gov.in/
20454,India,IND,2021-03-01,14854136.0,12256337.0,2597799.0,552870.0,490006.0,1.07,0.88,0.19,352.0,"Covaxin, Oxford/AstraZeneca, Sputnik V",Government of India,https://dashboard.cowin.gov.in/
20455,India,IND,2021-03-02,15620749.0,12906771.0,2713978.0,766613.0,530480.0,1.12,0.93,0.19,381.0,"Covaxin, Oxford/AstraZeneca, Sputnik V",Government of India,https://dashboard.cowin.gov.in/
20456,India,IND,2021-03-03,16616048.0,13739121.0,2876927.0,995299.0,607059.0,1.19,0.99,0.21,436.0,"Covaxin, Oxford/AstraZeneca, Sputnik V",Government of India,https://dashboard.cowin.gov.in/
20457,India,IND,2021-03-04,18005503.0,14796835.0,3208668.0,1389455.0,705494.0,1.29,1.06,0.23,506.0,"Covaxin, Oxford/AstraZeneca, Sputnik V",Government of India,https://dashboard.cowin.gov.in/
20458,India,IND,2021-03-05,19497704.0,15996683.0,3501021.0,1492201.0,820109.0,1.4,1.15,0.25,589.0,"Covaxin, Oxford/AstraZeneca, Sputnik V",Government of India,https://dashboard.cowin.gov.in/
20459,India,IND,2021-03-06,20922344.0,17168303.0,3754041.0,1424640.0,954257.0,1.5,1.23,0.27,685.0,"Covaxin, Oxford/AstraZeneca, Sputnik V",Government of India,https://dashboard.cowin.gov.in/
20460,India,IND,2021-03-07,20989010.0,17227903.0,3761107.0,66666.0,955392.0,1.51,1.24,0.27,686.0,"Covaxin, Oxford/AstraZeneca, Sputnik V",Government of India,https://dashboard.cowin.gov.in/
20461,India,IND,2021-03-08,23008733.0,18943283.0,4065450.0,2019723.0,1164942.0,1.65,1.36,0.29,836.0,"Covaxin, Oxford/AstraZeneca, Sputnik V",Government of India,https://dashboard.cowin.gov.in/
20462,India,IND,2021-03-09,24367906.0,20004227.0,4363679.0,1359173.0,1249594.0,1.75,1.44,0.31,897.0,"Covaxin, Oxford/AstraZeneca, Sputnik V",Government of India,https://dashboard.cowin.gov.in/
20463,India,IND,2021-03-10,25685011.0,21034481.0,4650530.0,1317105.0,1295566.0,1.84,1.51,0.33,930.0,"Covaxin, Oxford/AstraZeneca, Sputnik V",Government of India,https://dashboard.cowin.gov.in/
20464,India,IND,2021-03-11,26164920.0,21435841.0,4729079.0,479909.0,1165631.0,1.88,1.54,0.34,837.0,"Covaxin, Oxford/AstraZeneca, Sputnik V",Government of India,https://dashboard.cowin.gov.in/
20465,India,IND,2021-03-12,28218457.0,23075504.0,5142953.0,2053537.0,1245822.0,2.03,1.66,0.37,894.0,"Covaxin, Oxford/AstraZeneca, Sputnik V",Government of India,https://dashboard.cowin.gov.in/
20466,India,IND,2021-03-13,29738409.0,24307635.0,5430774.0,1519952.0,1259438.0,2.13,1.74,0.39,904.0,"Covaxin, Oxford/AstraZeneca, Sputnik V",Government of India,https://dashboard.cowin.gov.in/
20467,India,IND,2021-03-14,29908038.0,24452385.0,5455653.0,169629.0,1274147.0,2.15,1.75,0.39,914.0,"Covaxin, Oxford/AstraZeneca, Sputnik V",Government of India,https://dashboard.cowin.gov.in/
20468,India,IND,2021-03-15,32947432.0,27079484.0,5867948.0,3039394.0,1419814.0,2.36,1.94,0.42,1019.0,"Covaxin, Oxford/AstraZeneca, Sputnik V",Government of India,https://dashboard.cowin.gov.in/
20469,India,IND,2021-03-16,35064536.0,28862037.0,6202499.0,2117104.0,1528090.0,2.52,2.07,0.45,1097.0,"Covaxin, Oxford/AstraZeneca, Sputnik V",Government of India,https://dashboard.cowin.gov.in/
20470,India,IND,2021-03-17,37143255.0,30600787.0,6542468.0,2078719.0,1636892.0,2.67,2.2,0.47,1175.0,"Covaxin, Oxford/AstraZeneca, Sputnik V",Government of India,https://dashboard.cowin.gov.in/
20471,India,IND,2021-03-18,39339817.0,32426230.0,6913587.0,2196562.0,1882128.0,2.82,2.33,0.5,1351.0,"Covaxin, Oxford/AstraZeneca, Sputnik V",Government of India,https://dashboard.cowin.gov.in/
20472,India,IND,2021-03-19,42063392.0,34842030.0,7221362.0,2723575.0,1977848.0,3.02,2.5,0.52,1419.0,"Covaxin, Oxford/AstraZeneca, Sputnik V",Government of India,https://dashboard.cowin.gov.in/
20473,India,IND,2021-03-20,44603841.0,37125187.0,7478654.0,2540449.0,2123633.0,3.2,2.66,0.54,1524.0,"Covaxin, Oxford/AstraZeneca, Sputnik V",Government of India,https://dashboard.cowin.gov.in/
20474,India,IND,2021-03-21,45065998.0,37574302.0,7491696.0,462157.0,2165423.0,3.23,2.7,0.54,1554.0,"Covaxin, Oxford/AstraZeneca, Sputnik V",Government of India,https://dashboard.cowin.gov.in/
20475,India,IND,2021-03-22,48494594.0,40631153.0,7863441.0,3428596.0,2221023.0,3.48,2.92,0.56,1594.0,"Covaxin, Oxford/AstraZeneca, Sputnik V",Government of India,https://dashboard.cowin.gov.in/
20476,India,IND,2021-03-23,50841286.0,42731952.0,8109334.0,2346692.0,2253821.0,3.65,3.07,0.58,1617.0,"Covaxin, Oxford/AstraZeneca, Sputnik V",Government of India,https://dashboard.cowin.gov.in/
20477,India,IND,2021-03-24,53145709.0,44846538.0,8299171.0,2304423.0,2286065.0,3.81,3.22,0.6,1641.0,"Covaxin, Oxford/AstraZeneca, Sputnik V",Government of India,https://dashboard.cowin.gov.in/
20478,India,IND,2021-03-25,55504440.0,47001472.0,8502968.0,2358731.0,2309232.0,3.98,3.37,0.61,1657.0,"Covaxin, Oxford/AstraZeneca, Sputnik V",Government of India,https://dashboard.cowin.gov.in/
20479,India,IND,2021-03-26,58109773.0,49426618.0,8683155.0,2605333.0,2292340.0,4.17,3.55,0.62,1645.0,"Covaxin, Oxford/AstraZeneca, Sputnik V",Government of India,https://dashboard.cowin.gov.in/
20480,India,IND,2021-03-27,60269782.0,51441436.0,8828346.0,2160009.0,2237992.0,4.33,3.69,0.63,1606.0,"Covaxin, Oxford/AstraZeneca, Sputnik V",Government of India,https://dashboard.cowin.gov.in/
20481,India,IND,2021-03-28,60530435.0,51660234.0,8870201.0,260653.0,2209205.0,4.34,3.71,0.64,1585.0,"Covaxin, Oxford/AstraZeneca, Sputnik V",Government of India,https://dashboard.cowin.gov.in/
20482,India,IND,2021-03-29,61113354.0,52211398.0,8901956.0,582919.0,1802680.0,4.39,3.75,0.64,1294.0,"Covaxin, Oxford/AstraZeneca, Sputnik V",Government of India,https://dashboard.cowin.gov.in/
20483,India,IND,2021-03-30,63054353.0,53989035.0,9065318.0,1940999.0,1744724.0,4.53,3.87,0.65,1252.0,"Covaxin, Oxford/AstraZeneca, Sputnik V",Government of India,https://dashboard.cowin.gov.in/
20484,India,IND,2021-03-31,65117896.0,55783201.0,9334695.0,2063543.0,1710312.0,4.67,4.0,0.67,1227.0,"Covaxin, Oxford/AstraZeneca, Sputnik V",Government of India,https://dashboard.cowin.gov.in/
20485,India,IND,2021-04-01,68789138.0,59148798.0,9640340.0,3671242.0,1897814.0,4.94,4.24,0.69,1362.0,"Covaxin, Oxford/AstraZeneca, Sputnik V",Government of India,https://dashboard.cowin.gov.in/
20486,India,IND,2021-04-02,73054295.0,63081589.0,9972706.0,4265157.0,2134932.0,5.24,4.53,0.72,1532.0,"Covaxin, Oxford/AstraZeneca, Sputnik V",Government of India,https://dashboard.cowin.gov.in/
20487,India,IND,2021-04-03,75979651.0,65739470.0,10240181.0,2925356.0,2244267.0,5.45,4.72,0.73,1611.0,"Covaxin, Oxford/AstraZeneca, Sputnik V",Government of India,https://dashboard.cowin.gov.in/
20488,India,IND,2021-04-04,79105163.0,68678838.0,10426325.0,3125512.0,2653533.0,5.68,4.93,0.75,1904.0,"Covaxin, Oxford/AstraZeneca, Sputnik V",Government of India,https://dashboard.cowin.gov.in/
20489,India,IND,2021-04-05,83110926.0,72277309.0,10833617.0,4005763.0,3142510.0,5.96,5.19,0.78,2255.0,"Covaxin, Oxford/AstraZeneca, Sputnik V",Government of India,https://dashboard.cowin.gov.in/
20490,India,IND,2021-04-06,87077474.0,75937015.0,11140459.0,3966548.0,3431874.0,6.25,5.45,0.8,2463.0,"Covaxin, Oxford/AstraZeneca, Sputnik V",Government of India,https://dashboard.cowin.gov.in/
20491,India,IND,2021-04-07,90198673.0,78763027.0,11435646.0,3121199.0,3582968.0,6.47,5.65,0.82,2571.0,"Covaxin, Oxford/AstraZeneca, Sputnik V",Government of India,https://dashboard.cowin.gov.in/
20492,India,IND,2021-04-08,94334262.0,82456522.0,11877740.0,4135589.0,3649303.0,6.77,5.92,0.85,2619.0,"Covaxin, Oxford/AstraZeneca, Sputnik V",Government of India,https://dashboard.cowin.gov.in/
20493,India,IND,2021-04-09,98075160.0,85763852.0,12311308.0,3740898.0,3574409.0,7.04,6.15,0.88,2565.0,"Covaxin, Oxford/AstraZeneca, Sputnik V",Government of India,https://dashboard.cowin.gov.in/
20494,India,IND,2021-04-10,101595147.0,88885961.0,12709186.0,3519987.0,3659357.0,7.29,6.38,0.91,2626.0,"Covaxin, Oxford/AstraZeneca, Sputnik V",Government of India,https://dashboard.cowin.gov.in/
20495,India,IND,2021-04-11,104528565.0,91587400.0,12941165.0,2933418.0,3631915.0,7.5,6.57,0.93,2606.0,"Covaxin, Oxford/AstraZeneca, Sputnik V",Government of India,https://dashboard.cowin.gov.in/
20496,India,IND,2021-04-12,108533085.0,95043039.0,13490046.0,4004520.0,3631737.0,7.79,6.82,0.97,2606.0,"Covaxin, Oxford/AstraZeneca, Sputnik V",Government of India,https://dashboard.cowin.gov.in/
20497,India,IND,2021-04-13,111179578.0,97301914.0,13877664.0,2646493.0,3443158.0,7.98,6.98,1.0,2471.0,"Covaxin, Oxford/AstraZeneca, Sputnik V",Government of India,https://dashboard.cowin.gov.in/
20498,India,IND,2021-04-14,114493238.0,100179199.0,14314039.0,3313660.0,3470652.0,8.22,7.19,1.03,2491.0,"Covaxin, Oxford/AstraZeneca, Sputnik V",Government of India,https://dashboard.cowin.gov.in/
20499,India,IND,2021-04-15,117223509.0,102349255.0,14874254.0,2730271.0,3269892.0,8.41,7.35,1.07,2347.0,"Covaxin, Oxford/AstraZeneca, Sputnik V",Government of India,https://dashboard.cowin.gov.in/
20500,India,IND,2021-04-16,119937641.0,104408484.0,15529157.0,2714132.0,3123212.0,8.61,7.49,1.11,2241.0,"Covaxin, Oxford/AstraZeneca, Sputnik V",Government of India,https://dashboard.cowin.gov.in/
20501,India,IND,2021-04-17,122622590.0,106431076.0,16191514.0,2684949.0,3003920.0,8.8,7.64,1.16,2156.0,"Covaxin, Oxford/AstraZeneca, Sputnik V",Government of India,https://dashboard.cowin.gov.in/
20502,India,IND,2021-04-18,123852566.0,107371770.0,16480796.0,1229976.0,2760572.0,8.89,7.71,1.18,1981.0,"Covaxin, Oxford/AstraZeneca, Sputnik V",Government of India,https://dashboard.cowin.gov.in/
20503,India,IND,2021-04-19,127129113.0,109659181.0,17469932.0,3276547.0,2656575.0,9.12,7.87,1.25,1907.0,"Covaxin, Oxford/AstraZeneca, Sputnik V",Government of India,https://dashboard.cowin.gov.in/
20504,India,IND,2021-04-20,,,,,2458290.0,,,,1764.0,"Covaxin, Oxford/AstraZeneca, Sputnik V",Government of India,https://dashboard.cowin.gov.in/
20505,India,IND,2021-04-21,129646105.0,111673361.0,17972744.0,,2164695.0,9.3,8.01,1.29,1554.0,"Covaxin, Oxford/AstraZeneca, Sputnik V",Government of India,https://dashboard.cowin.gov.in/
20506,India,IND,2021-04-22,132754608.0,113584269.0,19170339.0,3108503.0,2218728.0,9.53,8.15,1.38,1592.0,"Covaxin, Oxford/AstraZeneca, Sputnik V",Government of India,https://dashboard.cowin.gov.in/
20507,India,IND,2021-04-23,,,,,2137213.0,,,,1534.0,"Covaxin, Oxford/AstraZeneca, Sputnik V",Government of India,https://dashboard.cowin.gov.in/
20508,India,IND,2021-04-24,,,,,2059866.0,,,,1478.0,"Covaxin, Oxford/AstraZeneca, Sputnik V",Government of India,https://dashboard.cowin.gov.in/
20509,India,IND,2021-04-25,139185173.0,117795008.0,21390165.0,,2190372.0,9.99,8.45,1.54,1572.0,"Covaxin, Oxford/AstraZeneca, Sputnik V",Government of India,https://dashboard.cowin.gov.in/
20510,India,IND,2021-04-26,142524947.0,119886252.0,22638695.0,3339774.0,2199405.0,10.23,8.6,1.62,1578.0,"Covaxin, Oxford/AstraZeneca, Sputnik V",Government of India,https://dashboard.cowin.gov.in/
20511,India,IND,2021-04-27,144879233.0,121263287.0,23615946.0,2354286.0,2355946.0,10.4,8.7,1.69,1691.0,"Covaxin, Oxford/AstraZeneca, Sputnik V",Government of India,https://dashboard.cowin.gov.in/
20512,India,IND,2021-04-28,147053392.0,122538179.0,24515213.0,2174159.0,2486755.0,10.55,8.79,1.76,1785.0,"Covaxin, Oxford/AstraZeneca, Sputnik V",Government of India,https://dashboard.cowin.gov.in/
20513,India,IND,2021-04-29,149268772.0,123811908.0,25456864.0,2215380.0,2359166.0,10.71,8.89,1.83,1693.0,"Covaxin, Oxford/AstraZeneca, Sputnik V",Government of India,https://dashboard.cowin.gov.in/
20514,India,IND,2021-04-30,151998107.0,125376952.0,26621155.0,2729335.0,2442854.0,10.91,9.0,1.91,1753.0,"Covaxin, Oxford/AstraZeneca, Sputnik V",Government of India,https://dashboard.cowin.gov.in/
20515,India,IND,2021-05-01,153626325.0,126328970.0,27297355.0,1628218.0,2369239.0,11.03,9.07,1.96,1700.0,"Covaxin, Oxford/AstraZeneca, Sputnik V",Government of India,https://dashboard.cowin.gov.in/
20516,India,IND,2021-05-02,154211511.0,126704151.0,27507360.0,585186.0,2146620.0,11.07,9.09,1.97,1541.0,"Covaxin, Oxford/AstraZeneca, Sputnik V",Government of India,https://dashboard.cowin.gov.in/
20517,India,IND,2021-05-03,156082136.0,127696675.0,28385461.0,1870625.0,1936741.0,11.2,9.16,2.04,1390.0,"Covaxin, Oxford/AstraZeneca, Sputnik V",Government of India,https://dashboard.cowin.gov.in/
20518,India,IND,2021-05-04,157750752.0,128627919.0,29122833.0,1668616.0,1838788.0,11.32,9.23,2.09,1320.0,"Covaxin, Oxford/AstraZeneca, Sputnik V",Government of India,https://dashboard.cowin.gov.in/
20519,India,IND,2021-05-05,159931238.0,129730641.0,30200597.0,2180486.0,1839692.0,11.48,9.31,2.17,1320.0,"Covaxin, Oxford/AstraZeneca, Sputnik V",Government of India,https://dashboard.cowin.gov.in/
20520,India,IND,2021-05-06,162603603.0,131058890.0,31544713.0,2672365.0,1904976.0,11.67,9.41,2.26,1367.0,"Covaxin, Oxford/AstraZeneca, Sputnik V",Government of India,https://dashboard.cowin.gov.in/
20521,India,IND,2021-05-07,165190000.0,132294827.0,32895173.0,2586397.0,1884556.0,11.86,9.49,2.36,1352.0,"Covaxin, Oxford/AstraZeneca, Sputnik V",Government of India,https://dashboard.cowin.gov.in/
20522,India,IND,2021-05-08,167493857.0,133366482.0,34127375.0,2303857.0,1981076.0,12.02,9.57,2.45,1422.0,"Covaxin, Oxford/AstraZeneca, Sputnik V",Government of India,https://dashboard.cowin.gov.in/
20523,India,IND,2021-05-09,168304868.0,133854676.0,34450192.0,811011.0,2013337.0,12.08,9.61,2.47,1445.0,"Covaxin, Oxford/AstraZeneca, Sputnik V",Government of India,https://dashboard.cowin.gov.in/
20524,India,IND,2021-05-10,171098918.0,135192013.0,35906905.0,2794050.0,2145255.0,12.28,9.7,2.58,1540.0,"Covaxin, Oxford/AstraZeneca, Sputnik V",Government of India,https://dashboard.cowin.gov.in/
20525,India,IND,2021-05-11,173862643.0,136557345.0,37305298.0,2763725.0,2301699.0,12.48,9.8,2.68,1652.0,"Covaxin, Oxford/AstraZeneca, Sputnik V",Government of India,https://dashboard.cowin.gov.in/
20526,India,IND,2021-05-12,176045577.0,137805245.0,38240332.0,2182934.0,2302048.0,12.63,9.89,2.74,1652.0,"Covaxin, Oxford/AstraZeneca, Sputnik V",Government of India,https://dashboard.cowin.gov.in/
20527,India,IND,2021-05-13,178361846.0,139087590.0,39274256.0,2316269.0,2251178.0,12.8,9.98,2.82,1616.0,"Covaxin, Oxford/AstraZeneca, Sputnik V",Government of India,https://dashboard.cowin.gov.in/
20528,India,IND,2021-05-14,179646413.0,139861462.0,39784951.0,1284567.0,2065202.0,12.89,10.04,2.86,1482.0,"Covaxin, Oxford/AstraZeneca, Sputnik V",Government of India,https://dashboard.cowin.gov.in/
20529,India,IND,2021-05-15,181544536.0,141132112.0,40412424.0,1898123.0,2007240.0,13.03,10.13,2.9,1441.0,"Covaxin, Oxford/AstraZeneca, Sputnik V",Government of India,https://dashboard.cowin.gov.in/
20530,India,IND,2021-05-16,182251006.0,141764335.0,40486671.0,706470.0,1992305.0,13.08,10.17,2.91,1430.0,"Covaxin, Oxford/AstraZeneca, Sputnik V",Government of India,https://dashboard.cowin.gov.in/
20531,India,IND,2021-05-17,183817204.0,143090218.0,40726986.0,1566198.0,1816898.0,13.19,10.27,2.92,1304.0,"Covaxin, Oxford/AstraZeneca, Sputnik V",Government of India,https://dashboard.cowin.gov.in/
20532,India,IND,2021-05-18,185191602.0,144270200.0,40921402.0,1374398.0,1618423.0,13.29,10.35,2.94,1161.0,"Covaxin, Oxford/AstraZeneca, Sputnik V",Government of India,https://dashboard.cowin.gov.in/
20533,India,IND,2021-05-19,186410600.0,145333606.0,41076994.0,1218998.0,1480718.0,13.38,10.43,2.95,1063.0,"Covaxin, Oxford/AstraZeneca, Sputnik V",Government of India,https://dashboard.cowin.gov.in/
20534,India,IND,2021-05-20,187886885.0,146624652.0,41262233.0,1476285.0,1360720.0,13.48,10.52,2.96,977.0,"Covaxin, Oxford/AstraZeneca, Sputnik V",Government of India,https://dashboard.cowin.gov.in/
20535,India,IND,2021-05-21,,,,,1388325.0,,,,996.0,"Covaxin, Oxford/AstraZeneca, Sputnik V",Government of India,https://dashboard.cowin.gov.in/
20536,India,IND,2021-05-22,190842497.0,149219616.0,41622881.0,,1328280.0,13.7,10.71,2.99,953.0,"Covaxin, Oxford/AstraZeneca, Sputnik V",Government of India,https://dashboard.cowin.gov.in/
20537,India,IND,2021-05-23,191719240.0,150033188.0,41686052.0,876743.0,1352605.0,13.76,10.77,2.99,971.0,"Covaxin, Oxford/AstraZeneca, Sputnik V",Government of India,https://dashboard.cowin.gov.in/
20538,India,IND,2021-05-24,194165711.0,152301505.0,41864206.0,2446471.0,1478358.0,13.93,10.93,3.0,1061.0,"Covaxin, Oxford/AstraZeneca, Sputnik V",Government of India,https://dashboard.cowin.gov.in/
20539,India,IND,2021-05-25,195506779.0,153511379.0,41995400.0,1341068.0,1473597.0,14.03,11.02,3.01,1058.0,"Covaxin, Oxford/AstraZeneca, Sputnik V",Government of India,https://dashboard.cowin.gov.in/
20540,India,IND,2021-05-26,198425615.0,156189641.0,42235974.0,2918836.0,1716431.0,14.24,11.21,3.03,1232.0,"Covaxin, Oxford/AstraZeneca, Sputnik V",Government of India,https://dashboard.cowin.gov.in/
20541,India,IND,2021-05-27,201203166.0,158783606.0,42419560.0,2777551.0,1902326.0,14.44,11.4,3.04,1365.0,"Covaxin, Oxford/AstraZeneca, Sputnik V",Government of India,https://dashboard.cowin.gov.in/
20542,India,IND,2021-05-28,203166802.0,160605562.0,42561240.0,1963636.0,1971730.0,14.58,11.53,3.05,1415.0,"Covaxin, Oxford/AstraZeneca, Sputnik V",Government of India,https://dashboard.cowin.gov.in/
20543,India,IND,2021-05-29,207088953.0,164158704.0,42930249.0,3922151.0,2320922.0,14.86,11.78,3.08,1666.0,"Covaxin, Oxford/AstraZeneca, Sputnik V",Government of India,https://dashboard.cowin.gov.in/
20544,India,IND,2021-05-30,208665123.0,165598013.0,43067110.0,1576170.0,2420840.0,14.98,11.88,3.09,1737.0,"Covaxin, Oxford/AstraZeneca, Sputnik V",Government of India,https://dashboard.cowin.gov.in/
20545,India,IND,2021-05-31,210449895.0,167191085.0,43258810.0,1784772.0,2326312.0,15.1,12.0,3.1,1670.0,"Covaxin, Oxford/AstraZeneca, Sputnik V",Government of India,https://dashboard.cowin.gov.in/
20546,India,IND,2021-06-01,213135738.0,169585180.0,43550558.0,2685843.0,2518423.0,15.3,12.17,3.13,1807.0,"Covaxin, Oxford/AstraZeneca, Sputnik V",Government of India,https://dashboard.cowin.gov.in/
20547,India,IND,2021-06-02,215678166.0,171866824.0,43811342.0,2542428.0,2464650.0,15.48,12.33,3.14,1769.0,"Covaxin, Oxford/AstraZeneca, Sputnik V",Government of India,https://dashboard.cowin.gov.in/
20548,India,IND,2021-06-03,218344384.0,174296917.0,44047467.0,2666218.0,2448745.0,15.67,12.51,3.16,1757.0,"Covaxin, Oxford/AstraZeneca, Sputnik V",Government of India,https://dashboard.cowin.gov.in/
20549,India,IND,2021-06-04,223607768.0,179172948.0,44434820.0,5263384.0,2920138.0,16.05,12.86,3.19,2096.0,"Covaxin, Oxford/AstraZeneca, Sputnik V",Government of India,https://dashboard.cowin.gov.in/
20550,India,IND,2021-06-05,225571144.0,180972102.0,44599042.0,1963376.0,2640313.0,16.19,12.99,3.2,1895.0,"Covaxin, Oxford/AstraZeneca, Sputnik V",Government of India,https://dashboard.cowin.gov.in/
20551,India,IND,2021-06-06,228041045.0,183275704.0,44765341.0,2469901.0,2767989.0,16.37,13.15,3.21,1986.0,"Covaxin, Oxford/AstraZeneca, Sputnik V",Government of India,https://dashboard.cowin.gov.in/
20552,India,IND,2021-06-07,230490652.0,185501579.0,44989073.0,2449607.0,2862965.0,16.54,13.31,3.23,2055.0,"Covaxin, Oxford/AstraZeneca, Sputnik V",Government of India,https://dashboard.cowin.gov.in/
20553,India,IND,2021-06-08,233680929.0,188363894.0,45317035.0,3190277.0,2935027.0,16.77,13.52,3.25,2106.0,"Covaxin, Oxford/AstraZeneca, Sputnik V",Government of India,https://dashboard.cowin.gov.in/
20554,India,IND,2021-06-09,236856505.0,191222380.0,45634125.0,3175576.0,3025477.0,17.0,13.72,3.27,2171.0,"Covaxin, Oxford/AstraZeneca, Sputnik V",Government of India,https://dashboard.cowin.gov.in/
20555,India,IND,2021-06-10,240281903.0,194325996.0,45955907.0,3425398.0,3133931.0,17.24,13.95,3.3,2249.0,"Covaxin, Oxford/AstraZeneca, Sputnik V",Government of India,https://dashboard.cowin.gov.in/
20556,India,IND,2021-06-11,243703242.0,197415653.0,46287589.0,3421339.0,2870782.0,17.49,14.17,3.32,2060.0,"Covaxin, Oxford/AstraZeneca, Sputnik V",Government of India,https://dashboard.cowin.gov.in/
20557,India,IND,2021-06-12,246188067.0,199655293.0,46532774.0,2484825.0,2945275.0,17.67,14.33,3.34,2114.0,"Covaxin, Oxford/AstraZeneca, Sputnik V",Government of India,https://dashboard.cowin.gov.in/
20558,India,IND,2021-06-13,249430416.0,202572835.0,46857581.0,3242349.0,3055624.0,17.9,14.54,3.36,2193.0,"Covaxin, Oxford/AstraZeneca, Sputnik V",Government of India,https://dashboard.cowin.gov.in/
20559,India,IND,2021-06-14,252760364.0,205571046.0,47189318.0,3329948.0,3181387.0,18.14,14.75,3.39,2283.0,"Covaxin, Oxford/AstraZeneca, Sputnik V",Government of India,https://dashboard.cowin.gov.in/
20560,India,IND,2021-06-15,255305366.0,207830971.0,47474395.0,2545002.0,3089205.0,18.32,14.92,3.41,2217.0,"Covaxin, Oxford/AstraZeneca, Sputnik V",Government of India,https://dashboard.cowin.gov.in/
20561,India,IND,2021-06-16,258325900.0,210442950.0,47882950.0,3020534.0,3067056.0,18.54,15.1,3.44,2201.0,"Covaxin, Oxford/AstraZeneca, Sputnik V",Government of India,https://dashboard.cowin.gov.in/
20562,India,IND,2021-06-17,262970250.0,214553189.0,48417061.0,4644350.0,3241192.0,18.87,15.4,3.47,2326.0,"Covaxin, Oxford/AstraZeneca, Sputnik V",Government of India,https://dashboard.cowin.gov.in/
20563,India,IND,2021-06-18,266355940.0,217542993.0,48812947.0,3385690.0,3236100.0,19.12,15.61,3.5,2322.0,"Covaxin, Oxford/AstraZeneca, Sputnik V",Government of India,https://dashboard.cowin.gov.in/
20564,India,IND,2021-06-19,270908312.0,221493259.0,49415053.0,4552372.0,3531464.0,19.44,15.9,3.55,2534.0,"Covaxin, Oxford/AstraZeneca, Sputnik V",Government of India,https://dashboard.cowin.gov.in/
20565,India,IND,2021-06-20,274286599.0,224541283.0,49745316.0,3378287.0,3550883.0,19.68,16.11,3.57,2548.0,"Covaxin, Oxford/AstraZeneca, Sputnik V",Government of India,https://dashboard.cowin.gov.in/
20566,India,IND,2021-06-21,283313942.0,232744813.0,50569129.0,9027343.0,4364797.0,20.33,16.7,3.63,3132.0,"Covaxin, Oxford/AstraZeneca, Sputnik V",Government of India,https://dashboard.cowin.gov.in/
20567,India,IND,2021-06-22,289855456.0,238586187.0,51269269.0,6541514.0,4935727.0,20.8,17.12,3.68,3542.0,"Covaxin, Oxford/AstraZeneca, Sputnik V",Government of India,https://dashboard.cowin.gov.in/
20568,India,IND,2021-06-23,293370338.0,241720520.0,51649818.0,3514882.0,5006348.0,21.05,17.35,3.71,3593.0,"Covaxin, Oxford/AstraZeneca, Sputnik V",Government of India,https://dashboard.cowin.gov.in/
20569,India,IND,2021-06-24,300054027.0,247652194.0,52401833.0,6683689.0,5297682.0,21.53,17.77,3.76,3802.0,"Covaxin, Oxford/AstraZeneca, Sputnik V",Government of India,https://dashboard.cowin.gov.in/
20570,India,IND,2021-06-25,306661528.0,253359907.0,53301621.0,6607501.0,5757941.0,22.01,18.18,3.83,4132.0,"Covaxin, Oxford/AstraZeneca, Sputnik V",Government of India,https://dashboard.cowin.gov.in/
20571,India,IND,2021-06-26,314841384.0,260253182.0,54588202.0,8179856.0,6276153.0,22.6,18.68,3.92,4504.0,"Covaxin, Oxford/AstraZeneca, Sputnik V",Government of India,https://dashboard.cowin.gov.in/
20572,India,IND,2021-06-27,318030412.0,262916313.0,55114099.0,3189028.0,6249116.0,22.82,18.87,3.96,4485.0,"Covaxin, Oxford/AstraZeneca, Sputnik V",Government of India,https://dashboard.cowin.gov.in/
20573,India,IND,2021-06-28,321423578.0,265545768.0,55877810.0,3393166.0,5444234.0,23.07,19.06,4.01,3907.0,"Covaxin, Oxford/AstraZeneca, Sputnik V",Government of India,https://dashboard.cowin.gov.in/
20574,India,IND,2021-06-29,327423913.0,270178001.0,57245912.0,6000335.0,5366922.0,23.5,19.39,4.11,3852.0,"Covaxin, Oxford/AstraZeneca, Sputnik V",Government of India,https://dashboard.cowin.gov.in/
20575,India,IND,2021-06-30,329158139.0,271410023.0,57748116.0,1734226.0,5112543.0,23.62,19.48,4.14,3669.0,"Covaxin, Oxford/AstraZeneca, Sputnik V",Government of India,https://dashboard.cowin.gov.in/
20576,India,IND,2021-07-01,334741649.0,275693081.0,59048568.0,5583510.0,4955375.0,24.02,19.79,4.24,3556.0,"Covaxin, Oxford/AstraZeneca, Sputnik V",Government of India,https://dashboard.cowin.gov.in/
20577,India,IND,2021-07-02,335671794.0,276339011.0,59332783.0,930145.0,4144324.0,24.09,19.83,4.26,2974.0,"Covaxin, Oxford/AstraZeneca, Sputnik V",Government of India,https://dashboard.cowin.gov.in/
20578,India,IND,2021-07-03,344300590.0,282231365.0,62069225.0,8628796.0,4208458.0,24.71,20.25,4.45,3020.0,"Covaxin, Oxford/AstraZeneca, Sputnik V",Government of India,https://dashboard.cowin.gov.in/
20579,India,IND,2021-07-04,347378550.0,284455266.0,62923284.0,3077960.0,4192591.0,24.93,20.41,4.52,3009.0,"Covaxin, Oxford/AstraZeneca, Sputnik V",Government of India,https://dashboard.cowin.gov.in/
20580,India,IND,2021-07-05,351229497.0,286751758.0,64477739.0,3850947.0,4257988.0,25.21,20.58,4.63,3056.0,"Covaxin, Oxford/AstraZeneca, Sputnik V",Government of India,https://dashboard.cowin.gov.in/
20581,India,IND,2021-07-06,354307646.0,288782557.0,65525089.0,3078149.0,3840533.0,25.43,20.72,4.7,2756.0,"Covaxin, Oxford/AstraZeneca, Sputnik V",Government of India,https://dashboard.cowin.gov.in/
20582,India,IND,2021-07-07,358070763.0,291184757.0,66886006.0,3763117.0,4130375.0,25.7,20.9,4.8,2964.0,"Covaxin, Oxford/AstraZeneca, Sputnik V",Government of India,https://dashboard.cowin.gov.in/
20583,India,IND,2021-07-08,368991222.0,298678913.0,70312309.0,10920459.0,4892796.0,26.48,21.44,5.05,3511.0,"Covaxin, Oxford/AstraZeneca, Sputnik V",Government of India,https://dashboard.cowin.gov.in/
20584,India,IND,2021-07-09,,,,,5262873.0,,,,3777.0,"Covaxin, Oxford/AstraZeneca, Sputnik V",Government of India,https://dashboard.cowin.gov.in/
20585,India,IND,2021-07-10,376032586.0,303171498.0,72861088.0,,4533142.0,26.99,21.76,5.23,3253.0,"Covaxin, Oxford/AstraZeneca, Sputnik V",Government of India,https://dashboard.cowin.gov.in/
20586,India,IND,2021-07-11,377352501.0,304018852.0,73333649.0,1319915.0,4281993.0,27.08,21.82,5.26,3073.0,"Covaxin, Oxford/AstraZeneca, Sputnik V",Government of India,https://dashboard.cowin.gov.in/
20587,India,IND,2021-07-12,381467646.0,306612781.0,74854865.0,4115145.0,4319736.0,27.38,22.0,5.37,3100.0,"Covaxin, Oxford/AstraZeneca, Sputnik V",Government of India,https://dashboard.cowin.gov.in/
20588,India,IND,2021-07-13,387697935.0,311387539.0,76310396.0,6230289.0,4770041.0,27.82,22.35,5.48,3423.0,"Covaxin, Oxford/AstraZeneca, Sputnik V",Government of India,https://dashboard.cowin.gov.in/
20589,India,IND,2021-07-14,391340491.0,313529502.0,77810989.0,3642556.0,4752818.0,28.09,22.5,5.58,3411.0,"Covaxin, Oxford/AstraZeneca, Sputnik V",Government of India,https://dashboard.cowin.gov.in/
20590,India,IND,2021-07-15,395343767.0,316116189.0,79227578.0,4003276.0,3764649.0,28.37,22.69,5.69,2702.0,"Covaxin, Oxford/AstraZeneca, Sputnik V",Government of India,https://dashboard.cowin.gov.in/
20591,India,IND,2021-07-16,399695879.0,318665226.0,81030653.0,4352112.0,3883425.0,28.68,22.87,5.82,2787.0,"Covaxin, Oxford/AstraZeneca, Sputnik V",Government of India,https://dashboard.cowin.gov.in/
20592,India,IND,2021-07-17,404931715.0,321893762.0,83037953.0,5235836.0,4128447.0,29.06,23.1,5.96,2963.0,"Covaxin, Oxford/AstraZeneca, Sputnik V",Government of India,https://dashboard.cowin.gov.in/
20593,India,IND,2021-07-18,,,,,4433794.0,,,,3182.0,"Covaxin, Oxford/AstraZeneca, Sputnik V",Government of India,https://dashboard.cowin.gov.in/
20594,India,IND,2021-07-19,411846401.0,326392783.0,85453618.0,,4339822.0,29.56,23.42,6.13,3115.0,"Covaxin, Oxford/AstraZeneca, Sputnik V",Government of India,https://dashboard.cowin.gov.in/
20595,India,IND,2021-07-20,415472455.0,328716212.0,86756243.0,3626054.0,3967789.0,29.82,23.59,6.23,2848.0,"Covaxin, Oxford/AstraZeneca, Sputnik V",Government of India,https://dashboard.cowin.gov.in/
20596,India,IND,2021-07-21,417851151.0,330259212.0,87591939.0,2378696.0,3787237.0,29.99,23.7,6.29,2718.0,"Covaxin, Oxford/AstraZeneca, Sputnik V",Government of India,https://dashboard.cowin.gov.in/
20597,India,IND,2021-07-22,423417030.0,333945151.0,89471879.0,5565879.0,4010466.0,30.39,23.97,6.42,2878.0,"Covaxin, Oxford/AstraZeneca, Sputnik V",Government of India,https://dashboard.cowin.gov.in/
20598,India,IND,2021-07-23,427882261.0,336819816.0,91062445.0,4465231.0,4026626.0,30.71,24.17,6.54,2890.0,"Covaxin, Oxford/AstraZeneca, Sputnik V",Government of India,https://dashboard.cowin.gov.in/
20599,India,IND,2021-07-24,433150864.0,340387695.0,92763169.0,5268603.0,4031307.0,31.09,24.43,6.66,2893.0,"Covaxin, Oxford/AstraZeneca, Sputnik V",Government of India,https://dashboard.cowin.gov.in/
20600,India,IND,2021-07-25,435196001.0,341802707.0,93393294.0,2045137.0,3829563.0,31.23,24.53,6.7,2748.0,"Covaxin, Oxford/AstraZeneca, Sputnik V",Government of India,https://dashboard.cowin.gov.in/
20601,India,IND,2021-07-26,441912395.0,346516149.0,95396246.0,6716394.0,4295142.0,31.71,24.87,6.85,3082.0,"Covaxin, Oxford/AstraZeneca, Sputnik V",Government of India,https://dashboard.cowin.gov.in/
20602,India,IND,2021-07-27,446156659.0,349324061.0,96832598.0,4244264.0,4383458.0,32.02,25.07,6.95,3146.0,"Covaxin, Oxford/AstraZeneca, Sputnik V",Government of India,https://dashboard.cowin.gov.in/
20603,India,IND,2021-07-28,450706257.0,352545271.0,98160986.0,4549598.0,4693587.0,32.35,25.3,7.04,3368.0,"Covaxin, Oxford/AstraZeneca, Sputnik V",Government of India,https://dashboard.cowin.gov.in/
20604,India,IND,2021-07-29,456033754.0,356140739.0,99893015.0,5327497.0,4659532.0,32.73,25.56,7.17,3344.0,"Covaxin, Oxford/AstraZeneca, Sputnik V",Government of India,https://dashboard.cowin.gov.in/
20605,India,IND,2021-07-30,461518479.0,359820313.0,101698166.0,5484725.0,4805174.0,33.12,25.82,7.3,3449.0,"Covaxin, Oxford/AstraZeneca, Sputnik V",Government of India,https://dashboard.cowin.gov.in/
20606,India,IND,2021-07-31,,,,,4817171.0,,,,3457.0,"Covaxin, Oxford/AstraZeneca, Sputnik V",Government of India,https://dashboard.cowin.gov.in/
20607,India,IND,2021-08-01,472223639.0,367994586.0,104229053.0,,5289663.0,33.89,26.41,7.48,3796.0,"Covaxin, Oxford/AstraZeneca, Sputnik V",Government of India,https://dashboard.cowin.gov.in/
20608,India,IND,2021-08-02,,,,,5263244.0,,,,3777.0,"Covaxin, Oxford/AstraZeneca, Sputnik V",Government of India,https://dashboard.cowin.gov.in/
20609,India,IND,2021-08-03,485286570.0,378090597.0,107195973.0,,5589987.0,34.83,27.13,7.69,4012.0,"Covaxin, Oxford/AstraZeneca, Sputnik V",Government of India,https://dashboard.cowin.gov.in/
20610,India,IND,2021-08-04,489342295.0,381126275.0,108216020.0,4055725.0,5519434.0,35.12,27.35,7.77,3961.0,"Covaxin, Oxford/AstraZeneca, Sputnik V",Government of India,https://dashboard.cowin.gov.in/
20611,India,IND,2021-08-05,495327595.0,385631050.0,109696545.0,5985300.0,5613406.0,35.55,27.68,7.87,4029.0,"Covaxin, Oxford/AstraZeneca, Sputnik V",Government of India,https://dashboard.cowin.gov.in/
20612,India,IND,2021-08-06,501009609.0,390041560.0,110968049.0,5682014.0,5641590.0,35.96,27.99,7.96,4049.0,"Covaxin, Oxford/AstraZeneca, Sputnik V",Government of India,https://dashboard.cowin.gov.in/
20613,India,IND,2021-08-07,506810492.0,394378151.0,112432341.0,5800883.0,5705633.0,36.37,28.3,8.07,4095.0,"Covaxin, Oxford/AstraZeneca, Sputnik V",Government of India,https://dashboard.cowin.gov.in/
20614,India,IND,2021-08-08,508664759.0,395667593.0,112997166.0,1854267.0,5205874.0,36.51,28.4,8.11,3736.0,"Covaxin, Oxford/AstraZeneca, Sputnik V",Government of India,https://dashboard.cowin.gov.in/
20615,India,IND,2021-08-09,514500268.0,400158057.0,114342211.0,5835509.0,5106452.0,36.92,28.72,8.21,3665.0,"Covaxin, Oxford/AstraZeneca, Sputnik V",Government of India,https://dashboard.cowin.gov.in/
20616,India,IND,2021-08-10,519080524.0,403596088.0,115484436.0,4580256.0,4827708.0,37.25,28.96,8.29,3465.0,"Covaxin, Oxford/AstraZeneca, Sputnik V",Government of India,https://dashboard.cowin.gov.in/
20617,India,IND,2021-08-11,523671019.0,406980329.0,116690690.0,4590495.0,4904103.0,37.58,29.21,8.37,3519.0,"Covaxin, Oxford/AstraZeneca, Sputnik V",Government of India,https://dashboard.cowin.gov.in/
20618,India,IND,2021-08-12,,,,,4943267.0,,,,3548.0,"Covaxin, Oxford/AstraZeneca, Sputnik V",Government of India,https://dashboard.cowin.gov.in/
20619,India,IND,2021-08-13,536189903.0,416846115.0,119343788.0,,5025756.0,38.48,29.92,8.56,3607.0,"Covaxin, Oxford/AstraZeneca, Sputnik V",Government of India,https://dashboard.cowin.gov.in/
20620,India,IND,2021-08-14,543846290.0,422575401.0,121270889.0,7656387.0,5290828.0,39.03,30.33,8.7,3797.0,"Covaxin, Oxford/AstraZeneca, Sputnik V",Government of India,https://dashboard.cowin.gov.in/
20621,India,IND,2021-08-15,,,,,5502629.0,,,,3949.0,"Covaxin, Oxford/AstraZeneca, Sputnik V",Government of India,https://dashboard.cowin.gov.in/
20622,India,IND,2021-08-16,550520038.0,428681772.0,121838266.0,,5145681.0,39.51,30.76,8.74,3693.0,"Covaxin, Oxford/AstraZeneca, Sputnik V",Government of India,https://dashboard.cowin.gov.in/
20623,India,IND,2021-08-17,556520316.0,433454974.0,123065342.0,6000278.0,5348542.0,39.94,31.11,8.83,3838.0,"Covaxin, Oxford/AstraZeneca, Sputnik V",Government of India,https://dashboard.cowin.gov.in/
20624,India,IND,2021-08-18,562151515.0,437698591.0,124452924.0,5631199.0,5497214.0,40.34,31.41,8.93,3945.0,"Covaxin, Oxford/AstraZeneca, Sputnik V",Government of India,https://dashboard.cowin.gov.in/
20625,India,IND,2021-08-19,566595708.0,441116044.0,125479664.0,4444193.0,5237892.0,40.66,31.66,9.01,3759.0,"Covaxin, Oxford/AstraZeneca, Sputnik V",Government of India,https://dashboard.cowin.gov.in/
20626,India,IND,2021-08-20,573205464.0,446102199.0,127103265.0,6609756.0,5287937.0,41.14,32.02,9.12,3795.0,"Covaxin, Oxford/AstraZeneca, Sputnik V",Government of India,https://dashboard.cowin.gov.in/
20627,India,IND,2021-08-21,576365820.0,448292884.0,128072936.0,3160356.0,4645647.0,41.36,32.17,9.19,3334.0,"Covaxin, Oxford/AstraZeneca, Sputnik V",Government of India,https://dashboard.cowin.gov.in/
20628,India,IND,2021-08-22,580771824.0,451186857.0,129584967.0,4406004.0,4798380.0,41.68,32.38,9.3,3444.0,"Covaxin, Oxford/AstraZeneca, Sputnik V",Government of India,https://dashboard.cowin.gov.in/
20629,India,IND,2021-08-23,582239230.0,452207578.0,130031652.0,1467406.0,4531313.0,41.79,32.45,9.33,3252.0,"Covaxin, Oxford/AstraZeneca, Sputnik V",Government of India,https://dashboard.cowin.gov.in/
20630,India,IND,2021-08-24,588731504.0,456880623.0,131850881.0,6492274.0,4601598.0,42.25,32.79,9.46,3302.0,"Covaxin, Oxford/AstraZeneca, Sputnik V",Government of India,https://dashboard.cowin.gov.in/
20631,India,IND,2021-08-25,597923238.0,463341344.0,134581894.0,9191734.0,5110246.0,42.91,33.25,9.66,3667.0,"Covaxin, Oxford/AstraZeneca, Sputnik V",Government of India,https://dashboard.cowin.gov.in/
20632,India,IND,2021-08-26,604391211.0,468130627.0,136260584.0,6467973.0,5399358.0,43.38,33.6,9.78,3875.0,"Covaxin, Oxford/AstraZeneca, Sputnik V",Government of India,https://dashboard.cowin.gov.in/
20633,India,IND,2021-08-27,615540527.0,476059071.0,139481456.0,11149316.0,6047866.0,44.18,34.17,10.01,4340.0,"Covaxin, Oxford/AstraZeneca, Sputnik V",Government of India,https://dashboard.cowin.gov.in/
20634,India,IND,2021-08-28,625864766.0,483512657.0,142352109.0,10324239.0,7071278.0,44.92,34.7,10.22,5075.0,"Covaxin, Oxford/AstraZeneca, Sputnik V",Government of India,https://dashboard.cowin.gov.in/
20635,India,IND,2021-08-29,632587851.0,488153607.0,144434244.0,6723085.0,7402290.0,45.4,35.03,10.37,5312.0,"Covaxin, Oxford/AstraZeneca, Sputnik V",Government of India,https://dashboard.cowin.gov.in/
20636,India,IND,2021-08-30,639305611.0,493077195.0,146228416.0,6717760.0,8152340.0,45.88,35.39,10.49,5851.0,"Covaxin, Oxford/AstraZeneca, Sputnik V",Government of India,https://dashboard.cowin.gov.in/
20637,India,IND,2021-08-31,644799225.0,497002083.0,147797142.0,5493614.0,8009674.0,46.27,35.67,10.61,5748.0,"Covaxin, Oxford/AstraZeneca, Sputnik V",Government of India,https://dashboard.cowin.gov.in/
20638,India,IND,2021-09-01,661576916.0,509668131.0,151908785.0,16777691.0,9093383.0,47.48,36.58,10.9,6526.0,"Covaxin, Oxford/AstraZeneca, Sputnik V",Government of India,https://dashboard.cowin.gov.in/
20639,India,IND,2021-09-02,669775627.0,515627968.0,154147659.0,8198711.0,9340631.0,48.07,37.0,11.06,6703.0,"Covaxin, Oxford/AstraZeneca, Sputnik V",Government of India,https://dashboard.cowin.gov.in/
20640,India,IND,2021-09-03,675654935.0,519667854.0,155987081.0,5879308.0,8587773.0,48.49,37.29,11.19,6163.0,"Covaxin, Oxford/AstraZeneca, Sputnik V",Government of India,https://dashboard.cowin.gov.in/
20641,India,IND,2021-09-04,677744969.0,521015869.0,156729100.0,2090034.0,7411458.0,48.64,37.39,11.25,5319.0,"Covaxin, Oxford/AstraZeneca, Sputnik V",Government of India,https://dashboard.cowin.gov.in/
20642,India,IND,2021-09-05,684515513.0,525319361.0,159196152.0,6770544.0,7418237.0,49.13,37.7,11.42,5324.0,"Covaxin, Oxford/AstraZeneca, Sputnik V",Government of India,https://dashboard.cowin.gov.in/
20643,India,IND,2021-09-06,688453563.0,527862293.0,160591270.0,3938050.0,7021136.0,49.41,37.88,11.53,5039.0,"Covaxin, Oxford/AstraZeneca, Sputnik V",Government of India,https://dashboard.cowin.gov.in/
20644,India,IND,2021-09-07,699668404.0,536004002.0,163664402.0,11214841.0,7838454.0,50.21,38.47,11.75,5625.0,"Covaxin, Oxford/AstraZeneca, Sputnik V",Government of India,https://dashboard.cowin.gov.in/
20645,India,IND,2021-09-08,710550810.0,543462433.0,167088377.0,10882406.0,6996271.0,50.99,39.0,11.99,5021.0,"Covaxin, Oxford/AstraZeneca, Sputnik V",Government of India,https://dashboard.cowin.gov.in/
20646,India,IND,2021-09-09,720910239.0,550694661.0,170215578.0,10359429.0,7304945.0,51.74,39.52,12.22,5242.0,"Covaxin, Oxford/AstraZeneca, Sputnik V",Government of India,https://dashboard.cowin.gov.in/
20647,India,IND,2021-09-10,724114731.0,552964723.0,171150008.0,3204492.0,6922828.0,51.97,39.68,12.28,4968.0,"Covaxin, Oxford/AstraZeneca, Sputnik V",Government of India,https://dashboard.cowin.gov.in/
20648,India,IND,2021-09-11,733428972.0,558984568.0,174444404.0,9314241.0,7954858.0,52.64,40.12,12.52,5709.0,"Covaxin, Oxford/AstraZeneca, Sputnik V",Government of India,https://dashboard.cowin.gov.in/
20649,India,IND,2021-09-12,740278136.0,563337272.0,176940864.0,6849164.0,7966089.0,53.13,40.43,12.7,5717.0,"Covaxin, Oxford/AstraZeneca, Sputnik V",Government of India,https://dashboard.cowin.gov.in/
20650,India,IND,2021-09-13,750284569.0,570046655.0,180237914.0,10006433.0,8833001.0,53.85,40.91,12.94,6339.0,"Covaxin, Oxford/AstraZeneca, Sputnik V",Government of India,https://dashboard.cowin.gov.in/
20651,India,IND,2021-09-14,752714069.0,571662310.0,181051759.0,2429500.0,7577952.0,54.02,41.03,12.99,5438.0,"Covaxin, Oxford/AstraZeneca, Sputnik V",Government of India,https://dashboard.cowin.gov.in/
20652,India,IND,2021-09-15,761350715.0,576856263.0,184494452.0,8636646.0,7257129.0,54.64,41.4,13.24,5208.0,"Covaxin, Oxford/AstraZeneca, Sputnik V",Government of India,https://dashboard.cowin.gov.in/
20653,India,IND,2021-09-16,771341641.0,582842108.0,188499533.0,9990926.0,7204486.0,55.36,41.83,13.53,5170.0,"Covaxin, Oxford/AstraZeneca, Sputnik V",Government of India,https://dashboard.cowin.gov.in/
20654,India,IND,2021-09-17,777387850.0,586105233.0,191282617.0,6046209.0,7610446.0,55.79,42.06,13.73,5462.0,"Covaxin, Oxford/AstraZeneca, Sputnik V",Government of India,https://dashboard.cowin.gov.in/
20655,India,IND,2021-09-18,796015119.0,597205296.0,198809823.0,18627269.0,8940878.0,57.13,42.86,14.27,6417.0,"Covaxin, Oxford/AstraZeneca, Sputnik V",Government of India,https://dashboard.cowin.gov.in/
20656,India,IND,2021-09-19,804778696.0,602206789.0,202571907.0,8763577.0,9214366.0,57.76,43.22,14.54,6613.0,"Covaxin, Oxford/AstraZeneca, Sputnik V",Government of India,https://dashboard.cowin.gov.in/
20657,India,IND,2021-09-20,812232516.0,606563237.0,205669279.0,7453820.0,8849707.0,58.29,43.53,14.76,6351.0,"Covaxin, Oxford/AstraZeneca, Sputnik V",Government of India,https://dashboard.cowin.gov.in/
20658,India,IND,2021-09-21,821836262.0,612360533.0,209475729.0,9603746.0,9874599.0,58.98,43.95,15.03,7087.0,"Covaxin, Oxford/AstraZeneca, Sputnik V",Government of India,https://dashboard.cowin.gov.in/
20659,India,IND,2021-09-22,827297973.0,615659928.0,211638045.0,5461711.0,9421037.0,59.37,44.18,15.19,6761.0,"Covaxin, Oxford/AstraZeneca, Sputnik V",Government of India,https://dashboard.cowin.gov.in/
20660,India,IND,2021-09-23,837239837.0,621209052.0,216030785.0,9941864.0,9414028.0,60.09,44.58,15.5,6756.0,"Covaxin, Oxford/AstraZeneca, Sputnik V",Government of India,https://dashboard.cowin.gov.in/
20661,India,IND,2021-09-24,847653817.0,627322598.0,220331219.0,10413980.0,10037995.0,60.83,45.02,15.81,7204.0,"Covaxin, Oxford/AstraZeneca, Sputnik V",Government of India,https://dashboard.cowin.gov.in/
20662,India,IND,2021-09-25,852156699.0,629574531.0,222582168.0,4502882.0,8020226.0,61.16,45.18,15.97,5756.0,"Covaxin, Oxford/AstraZeneca, Sputnik V",Government of India,https://dashboard.cowin.gov.in/
20663,India,IND,2021-09-26,855791746.0,631601656.0,224190090.0,3635047.0,7287579.0,61.42,45.33,16.09,5230.0,"Covaxin, Oxford/AstraZeneca, Sputnik V",Government of India,https://dashboard.cowin.gov.in/
20664,India,IND,2021-09-27,868774116.0,639303166.0,229470950.0,12982370.0,8077371.0,62.35,45.88,16.47,5797.0,"Covaxin, Oxford/AstraZeneca, Sputnik V",Government of India,https://dashboard.cowin.gov.in/
20665,India,IND,2021-09-28,873244661.0,641845931.0,231398730.0,4470545.0,7344057.0,62.67,46.06,16.61,5271.0,"Covaxin, Oxford/AstraZeneca, Sputnik V",Government of India,https://dashboard.cowin.gov.in/
20666,India,IND,2021-09-29,879692465.0,645293313.0,234399152.0,6447804.0,7484927.0,63.13,46.31,16.82,5372.0,"Covaxin, Oxford/AstraZeneca, Sputnik V",Government of India,https://dashboard.cowin.gov.in/
20667,India,IND,2021-09-30,886425292.0,648949043.0,237476249.0,6732827.0,7026494.0,63.62,46.57,17.04,5043.0,"Covaxin, Oxford/AstraZeneca, Sputnik V",Government of India,https://dashboard.cowin.gov.in/
20668,India,IND,2021-10-01,893203984.0,652744197.0,240459787.0,6778692.0,6507167.0,64.1,46.85,17.26,4670.0,"Covaxin, Oxford/AstraZeneca, Sputnik V",Government of India,https://dashboard.cowin.gov.in/
20669,India,IND,2021-10-02,901004270.0,656956299.0,244047971.0,7800286.0,6978224.0,64.66,47.15,17.51,5008.0,"Covaxin, Oxford/AstraZeneca, Sputnik V",Government of India,https://dashboard.cowin.gov.in/
20670,India,IND,2021-10-03,906155473.0,659744381.0,246411092.0,5151203.0,7194818.0,65.03,47.35,17.68,5163.0,"Covaxin, Oxford/AstraZeneca, Sputnik V",Government of India,https://dashboard.cowin.gov.in/
20671,India,IND,2021-10-04,911080329.0,662266667.0,248813662.0,4924856.0,6043745.0,65.38,47.53,17.86,4337.0,"Covaxin, Oxford/AstraZeneca, Sputnik V",Government of India,https://dashboard.cowin.gov.in/
20672,India,IND,2021-10-05,918129250.0,666078231.0,252051019.0,7048921.0,6412084.0,65.89,47.8,18.09,4602.0,"Covaxin, Oxford/AstraZeneca, Sputnik V",Government of India,https://dashboard.cowin.gov.in/
20673,India,IND,2021-10-06,923526951.0,668975929.0,254551022.0,5397701.0,6262069.0,66.28,48.01,18.27,4494.0,"Covaxin, Oxford/AstraZeneca, Sputnik V",Government of India,https://dashboard.cowin.gov.in/
20674,India,IND,2021-10-07,927173859.0,670864526.0,256309333.0,3646908.0,5821224.0,66.54,48.15,18.39,4178.0,"Covaxin, Oxford/AstraZeneca, Sputnik V",Government of India,https://dashboard.cowin.gov.in/
20675,India,IND,2021-10-08,935219767.0,675161305.0,260058462.0,8045908.0,6002255.0,67.12,48.45,18.66,4308.0,"Covaxin, Oxford/AstraZeneca, Sputnik V",Government of India,https://dashboard.cowin.gov.in/
20676,India,IND,2021-10-09,943033918.0,679245181.0,263788737.0,7814151.0,6004235.0,67.68,48.75,18.93,4309.0,"Covaxin, Oxford/AstraZeneca, Sputnik V",Government of India,https://dashboard.cowin.gov.in/
